kmer	level_mean	level_stdv
AAAAA	108.901413	2.676522
AAAAC	105.724444	2.676522
AAAAG	106.417182	2.676522
AAAAT	104.532801	2.676522
AAACA	82.446931	3.018476
AAACC	87.188010	3.018476
AAACG	84.463941	3.018476
AAACT	87.611027	3.018476
AAAGA	128.133534	5.559623
AAAGC	112.586708	5.559623
AAAGG	121.472353	5.559623
AAAGT	118.114917	5.559623
AAATA	86.593813	3.040826
AAATC	94.001495	3.040826
AAATG	88.783209	3.040826
AAATT	92.047985	3.040826
AACAA	87.823777	3.181436
AACAC	81.773599	3.181436
AACAG	80.850283	3.181436
AACAT	83.037210	3.181436
AACCA	74.583242	2.107591
AACCC	73.427269	2.107591
AACCG	73.255993	2.107591
AACCT	74.332779	2.107591
AACGA	115.200570	3.856268
AACGC	99.447505	3.856268
AACGG	108.942858	3.856268
AACGT	106.024708	3.856268
AACTA	78.880781	2.300504
AACTC	79.126807	2.300504
AACTG	77.558218	2.300504
AACTT	80.104941	2.300504
AAGAA	122.139294	5.872282
AAGAC	108.596176	5.872282
AAGAG	125.757042	5.872282
AAGAT	122.169039	5.872282
AAGCA	85.738453	3.990469
AAGCC	97.550106	3.990469
AAGCG	92.586828	3.990469
AAGCT	96.866468	3.990469
AAGGA	117.457668	3.173751
AAGGC	123.966612	3.173751
AAGGG	120.765797	3.173751
AAGGT	120.392424	3.173751
AAGTA	94.578090	4.487612
AAGTC	107.927419	4.487612
AAGTG	101.502426	4.487612
AAGTT	104.815901	4.487612
AATAA	97.174409	6.278645
AATAC	89.904186	6.278645
AATAG	88.342579	6.278645
AATAT	92.840964	6.278645
AATCA	86.712697	2.631718
AATCC	82.461064	2.631718
AATCG	84.404682	2.631718
AATCT	84.149385	2.631718
AATGA	123.302649	8.555862
AATGC	98.858970	8.555862
AATGG	113.286729	8.555862
AATGT	109.083260	8.555862
AATTA	85.297515	2.458906
AATTC	84.323058	2.458906
AATTG	83.143687	2.458906
AATTT	84.437742	2.458906
ACAAA	99.384679	3.449749
ACAAC	91.375475	3.449749
ACAAG	95.518188	3.449749
ACAAT	93.834782	3.449749
ACACA	73.593076	1.875816
ACACC	75.596677	1.875816
ACACG	73.145516	1.875816
ACACT	75.587554	1.875816
ACAGA	125.561516	4.794395
ACAGC	109.269229	4.794395
ACAGG	118.398012	4.794395
ACAGT	117.047761	4.794395
ACATA	76.777933	2.102993
ACATC	80.292630	2.102993
ACATG	76.340673	2.102993
ACATT	79.879570	2.102993
ACCAA	82.923787	2.812500
ACCAC	75.529943	2.812500
ACCAG	79.015681	2.812500
ACCAT	77.842866	2.812500
ACCCA	66.298610	2.070961
ACCCC	62.973194	2.070961
ACCCG	64.626903	2.070961
ACCCT	64.833964	2.070961
ACCGA	109.316961	3.291378
ACCGC	94.993064	3.291378
ACCGG	103.130746	3.291378
ACCGT	101.347109	3.291378
ACCTA	70.227353	2.298440
ACCTC	69.759632	2.298440
ACCTG	68.750632	2.298440
ACCTT	70.425126	2.298440
ACGAA	107.336731	3.017274
ACGAC	108.254756	3.017274
ACGAG	107.012728	3.017274
ACGAT	105.355994	3.017274
ACGCA	76.327788	2.600796
ACGCC	87.112345	2.600796
ACGCG	80.887105	2.600796
ACGCT	87.165793	2.600796
ACGGA	109.736888	5.310878
ACGGC	106.600732	5.310878
ACGGG	106.356917	5.310878
ACGGT	104.828979	5.310878
ACGTA	84.446488	3.125398
ACGTC	94.883447	3.125398
ACGTG	87.074004	3.125398
ACGTT	92.627509	3.125398
ACTAA	100.237818	5.702234
ACTAC	87.168862	5.702234
ACTAG	93.448757	5.702234
ACTAT	92.764259	5.702234
ACTCA	81.845266	2.848865
ACTCC	74.242313	2.848865
ACTCG	76.968120	2.848865
ACTCT	76.048058	2.848865
ACTGA	122.594424	6.071202
ACTGC	99.903703	6.071202
ACTGG	112.905071	6.071202
ACTGT	109.113377	6.071202
ACTTA	78.438600	2.072592
ACTTC	77.661841	2.072592
ACTTG	76.776405	2.072592
ACTTT	78.129826	2.072592
AGAAA	110.541286	4.062744
AGAAC	110.387667	4.062744
AGAAG	105.357780	4.062744
AGAAT	107.757941	4.062744
AGACA	96.555442	5.093152
AGACC	76.218670	5.093152
AGACG	99.930045	5.093152
AGACT	100.980285	5.093152
AGAGA	127.709315	5.691493
AGAGC	116.155274	5.691493
AGAGG	119.434686	5.691493
AGAGT	117.689804	5.691493
AGATA	103.910533	3.781763
AGATC	107.082810	3.781763
AGATG	102.409502	3.781763
AGATT	103.759006	3.781763
AGCAA	79.826259	3.180457
AGCAC	78.732084	3.180457
AGCAG	75.702193	3.180457
AGCAT	79.560849	3.180457
AGCCA	82.817398	2.778549
AGCCC	83.922531	2.778549
AGCCG	81.386803	2.778549
AGCCT	81.879199	2.778549
AGCGA	105.688034	8.394211
AGCGC	90.738766	8.394211
AGCGG	92.444142	8.394211
AGCGT	94.552419	8.394211
AGCTA	84.425297	2.302527
AGCTC	86.233646	2.302527
AGCTG	83.261071	2.302527
AGCTT	84.697380	2.302527
AGGAA	114.014784	7.840309
AGGAC	98.378248	7.840309
AGGAG	112.671894	7.840309
AGGAT	100.227487	7.840309
AGGCA	96.558490	4.981474
AGGCC	106.163531	4.981474
AGGCG	100.670666	4.981474
AGGCT	102.029446	4.981474
AGGGA	115.882913	4.047423
AGGGC	115.555709	4.047423
AGGGG	114.799941	4.047423
AGGGT	113.621342	4.047423
AGGTA	100.762608	3.994511
AGGTC	108.345742	3.994511
AGGTG	103.597649	3.994511
AGGTT	105.726794	3.994511
AGTAA	85.255182	3.868907
AGTAC	84.285822	3.868907
AGTAG	79.435190	3.868907
AGTAT	82.979728	3.868907
AGTCA	93.408051	2.850220
AGTCC	94.039444	2.850220
AGTCG	89.958937	2.850220
AGTCT	91.368585	2.850220
AGTGA	100.006169	9.689941
AGTGC	93.869948	9.689941
AGTGG	94.587253	9.689941
AGTGT	94.897960	9.689941
AGTTA	90.368377	2.649410
AGTTC	91.802992	2.649410
AGTTG	88.484060	2.649410
AGTTT	89.941598	2.649410
ATAAA	114.105726	3.108588
ATAAC	109.258367	3.108588
ATAAG	111.538011	3.108588
ATAAT	108.459316	3.108588
ATACA	80.762856	2.134613
ATACC	86.439459	2.134613
ATACG	82.807560	2.134613
ATACT	87.266543	2.134613
ATAGA	134.100055	5.101816
ATAGC	117.344639	5.101816
ATAGG	126.875295	5.101816
ATAGT	124.237335	5.101816
ATATA	86.666350	2.632201
ATATC	94.690569	2.632201
ATATG	89.664332	2.632201
ATATT	93.293356	2.632201
ATCAA	92.912342	2.731261
ATCAC	86.856587	2.731261
ATCAG	90.235941	2.731261
ATCAT	87.983707	2.731261
ATCCA	69.022895	2.349865
ATCCC	69.670969	2.349865
ATCCG	68.430678	2.349865
ATCCT	70.141326	2.349865
ATCGA	117.176759	3.551179
ATCGC	102.056437	3.551179
ATCGG	110.693339	3.551179
ATCGT	107.943353	3.551179
ATCTA	76.666444	2.065374
ATCTC	79.847504	2.065374
ATCTG	77.221483	2.065374
ATCTT	79.453763	2.065374
ATGAA	119.312160	4.029736
ATGAC	123.504210	4.029736
ATGAG	123.381585	4.029736
ATGAT	118.823116	4.029736
ATGCA	101.495469	3.049711
ATGCC	92.468273	3.049711
ATGCG	84.849331	3.049711
ATGCT	91.752110	3.049711
ATGGA	119.513047	3.368228
ATGGC	121.853626	3.368228
ATGGG	119.336919	3.368228
ATGGT	118.634757	3.368228
ATGTA	88.609282	3.775722
ATGTC	102.056314	3.775722
ATGTG	93.808736	3.775722
ATGTT	99.353452	3.775722
ATTAA	101.015119	5.532156
ATTAC	90.584171	5.532156
ATTAG	96.012405	5.532156
ATTAT	94.345850	5.532156
ATTCA	77.863849	2.416143
ATTCC	75.795766	2.416143
ATTCG	77.596356	2.416143
ATTCT	77.861940	2.416143
ATTGA	118.770310	7.489815
ATTGC	98.213897	7.489815
ATTGG	109.619445	7.489815
ATTGT	106.434881	7.489815
ATTTA	77.576374	1.969599
ATTTC	79.438553	1.969599
ATTTG	77.979258	1.969599
ATTTT	79.280022	1.969599
CAAAA	107.754232	2.676522
CAAAC	104.218946	2.676522
CAAAG	105.923314	2.676522
CAAAT	103.448060	2.676522
CAACA	80.964607	3.018476
CAACC	85.163730	3.018476
CAACG	82.484518	3.018476
CAACT	85.786031	3.018476
CAAGA	128.772325	5.559623
CAAGC	111.470647	5.559623
CAAGG	121.878077	5.559623
CAAGT	118.657969	5.559623
CAATA	85.402731	3.040826
CAATC	91.503304	3.040826
CAATG	87.408144	3.040826
CAATT	90.306298	3.040826
CACAA	89.760969	3.181436
CACAC	81.035104	3.181436
CACAG	84.444571	3.181436
CACAT	84.223213	3.181436
CACCA	73.952994	2.107591
CACCC	70.732523	2.107591
CACCG	71.672481	2.107591
CACCT	72.874417	2.107591
CACGA	117.191419	3.856268
CACGC	101.875718	3.856268
CACGG	111.254903	3.856268
CACGT	108.558497	3.856268
CACTA	78.572102	2.300504
CACTC	76.729095	2.300504
CACTG	76.200107	2.300504
CACTT	77.152869	2.300504
CAGAA	121.025135	5.872282
CAGAC	107.090001	5.872282
CAGAG	123.324763	5.872282
CAGAT	120.421736	5.872282
CAGCA	85.837941	3.990469
CAGCC	96.661828	3.990469
CAGCG	91.214195	3.990469
CAGCT	96.268265	3.990469
CAGGA	115.917559	3.173751
CAGGC	120.901628	3.173751
CAGGG	118.289222	3.173751
CAGGT	118.046893	3.173751
CAGTA	94.313336	4.487612
CAGTC	107.161899	4.487612
CAGTG	99.690026	4.487612
CAGTT	104.197468	4.487612
CATAA	102.575110	6.278645
CATAC	90.479100	6.278645
CATAG	94.910185	6.278645
CATAT	95.089351	6.278645
CATCA	86.582543	2.631718
CATCC	79.054347	2.631718
CATCG	85.335403	2.631718
CATCT	83.057752	2.631718
CATGA	128.298724	8.555862
CATGC	102.949287	8.555862
CATGG	118.692017	8.555862
CATGT	113.988004	8.555862
CATTA	85.209980	2.458906
CATTC	81.759819	2.458906
CATTG	82.192014	2.458906
CATTT	82.793640	2.458906
CCAAA	99.995527	3.449749
CCAAC	89.369315	3.449749
CCAAG	94.695014	3.449749
CCAAT	93.341858	3.449749
CCACA	72.157345	1.875816
CCACC	72.576022	1.875816
CCACG	70.716194	1.875816
CCACT	74.443151	1.875816
CCAGA	125.603209	4.794395
CCAGC	110.091256	4.794395
CCAGG	119.234723	4.794395
CCAGT	118.437055	4.794395
CCATA	74.688134	2.102993
CCATC	76.498772	2.102993
CCATG	73.994145	2.102993
CCATT	76.727466	2.102993
CCCAA	84.523756	2.812500
CCCAC	75.114913	2.812500
CCCAG	79.175974	2.812500
CCCAT	78.844230	2.812500
CCCCA	66.655278	2.070961
CCCCC	62.476770	2.070961
CCCCG	64.850173	2.070961
CCCCT	64.935394	2.070961
CCCGA	111.179412	3.291378
CCCGC	96.312384	3.291378
CCCGG	105.110774	3.291378
CCCGT	102.953936	3.291378
CCCTA	70.317427	2.298440
CCCTC	67.633523	2.298440
CCCTG	68.271499	2.298440
CCCTT	68.771943	2.298440
CCGAA	102.836148	3.017274
CCGAC	103.968265	3.017274
CCGAG	103.081095	3.017274
CCGAT	101.168169	3.017274
CCGCA	74.767402	2.600796
CCGCC	84.082353	2.600796
CCGCG	78.753951	2.600796
CCGCT	84.427951	2.600796
CCGGA	109.162065	5.310878
CCGGC	103.668104	5.310878
CCGGG	104.099241	5.310878
CCGGT	103.755501	5.310878
CCGTA	79.659624	3.125398
CCGTC	90.931381	3.125398
CCGTG	83.630070	3.125398
CCGTT	89.548110	3.125398
CCTAA	103.249725	5.702234
CCTAC	87.391196	5.702234
CCTAG	95.140680	5.702234
CCTAT	94.256226	5.702234
CCTCA	80.737367	2.848865
CCTCC	72.353229	2.848865
CCTCG	78.882359	2.848865
CCTCT	75.362909	2.848865
CCTGA	125.199218	6.071202
CCTGC	102.207827	6.071202
CCTGG	116.089711	6.071202
CCTGT	112.006575	6.071202
CCTTA	78.046180	2.072592
CCTTC	74.217828	2.072592
CCTTG	75.950870	2.072592
CCTTT	75.285607	2.072592
CGAAA	107.693450	4.062744
CGAAC	102.912958	4.062744
CGAAG	100.441004	4.062744
CGAAT	101.583416	4.062744
CGACA	87.785962	5.093152
CGACC	92.884026	5.093152
CGACG	89.545715	5.093152
CGACT	90.483847	5.093152
CGAGA	128.622891	5.691493
CGAGC	110.677177	5.691493
CGAGG	121.187789	5.691493
CGAGT	117.855778	5.691493
CGATA	91.224691	3.781763
CGATC	97.296107	3.781763
CGATG	92.905249	3.781763
CGATT	94.883442	3.781763
CGCAA	80.646898	3.180457
CGCAC	78.137316	3.180457
CGCAG	73.050304	3.180457
CGCAT	78.112805	3.180457
CGCCA	77.156491	2.778549
CGCCC	76.792394	2.778549
CGCCG	76.262836	2.778549
CGCCT	76.600631	2.778549
CGCGA	110.343163	8.394211
CGCGC	90.608398	8.394211
CGCGG	100.100489	8.394211
CGCGT	98.581368	8.394211
CGCTA	79.589757	2.302527
CGCTC	79.792592	2.302527
CGCTG	78.622211	2.302527
CGCTT	80.794099	2.302527
CGGAA	115.200439	7.840309
CGGAC	114.132204	7.840309
CGGAG	113.935395	7.840309
CGGAT	93.674860	7.840309
CGGCA	85.580326	4.981474
CGGCC	95.132647	4.981474
CGGCG	90.293090	4.981474
CGGCT	92.919744	4.981474
CGGGA	116.404557	4.047423
CGGGC	113.737989	4.047423
CGGGG	113.915524	4.047423
CGGGT	113.117956	4.047423
CGGTA	94.077436	3.994511
CGGTC	102.611198	3.994511
CGGTG	96.907775	3.994511
CGGTT	100.451207	3.994511
CGTAA	81.803851	3.868907
CGTAC	78.230209	3.868907
CGTAG	75.419335	3.868907
CGTAT	78.952386	3.868907
CGTCA	86.110953	2.850220
CGTCC	84.197292	2.850220
CGTCG	83.434922	2.850220
CGTCT	83.897234	2.850220
CGTGA	110.680015	9.689941
CGTGC	89.889788	9.689941
CGTGG	93.689325	9.689941
CGTGT	95.267558	9.689941
CGTTA	83.878953	2.649410
CGTTC	84.545291	2.649410
CGTTG	81.946813	2.649410
CGTTT	83.798312	2.649410
CTAAA	112.204348	3.108588
CTAAC	106.205847	3.108588
CTAAG	109.543621	3.108588
CTAAT	106.551687	3.108588
CTACA	78.737631	2.134613
CTACC	83.878091	2.134613
CTACG	80.540925	2.134613
CTACT	85.069007	2.134613
CTAGA	134.081251	5.101816
CTAGC	117.717234	5.101816
CTAGG	127.167558	5.101816
CTAGT	124.545517	5.101816
CTATA	83.154921	2.632201
CTATC	91.526294	2.632201
CTATG	86.997922	2.632201
CTATT	90.317451	2.632201
CTCAA	92.393785	2.731261
CTCAC	85.308154	2.731261
CTCAG	88.671729	2.731261
CTCAT	87.806457	2.731261
CTCCA	69.473323	2.349865
CTCCC	68.726024	2.349865
CTCCG	67.986250	2.349865
CTCCT	70.827724	2.349865
CTCGA	118.063757	3.551179
CTCGC	102.446194	3.551179
CTCGG	111.329712	3.551179
CTCGT	108.757106	3.551179
CTCTA	76.559406	2.065374
CTCTC	77.342469	2.065374
CTCTG	76.088681	2.065374
CTCTT	77.296677	2.065374
CTGAA	114.941808	4.029736
CTGAC	118.298104	4.029736
CTGAG	117.524297	4.029736
CTGAT	113.727764	4.029736
CTGCA	78.177926	3.049711
CTGCC	89.273835	3.049711
CTGCG	82.777181	3.049711
CTGCT	89.203426	3.049711
CTGGA	116.546344	3.368228
CTGGC	117.184886	3.368228
CTGGG	114.734501	3.368228
CTGGT	114.414051	3.368228
CTGTA	85.928321	3.775722
CTGTC	98.483746	3.775722
CTGTG	90.407547	3.775722
CTGTT	96.281916	3.775722
CTTAA	101.901081	5.532156
CTTAC	89.921897	5.532156
CTTAG	96.042397	5.532156
CTTAT	95.059591	5.532156
CTTCA	80.337425	2.416143
CTTCC	75.319996	2.416143
CTTCG	77.979596	2.416143
CTTCT	76.974940	2.416143
CTTGA	123.871670	7.489815
CTTGC	100.912595	7.489815
CTTGG	114.367087	7.489815
CTTGT	109.695268	7.489815
CTTTA	78.373440	1.969599
CTTTC	77.724359	1.969599
CTTTG	77.605310	1.969599
CTTTT	77.911416	1.969599
GAAAA	101.724425	2.676522
GAAAC	102.997175	2.676522
GAAAG	103.812292	2.676522
GAAAT	102.281548	2.676522
GAACA	78.464350	3.018476
GAACC	86.103450	3.018476
GAACG	81.863290	3.018476
GAACT	85.704511	3.018476
GAAGA	123.663906	5.559623
GAAGC	109.772606	5.559623
GAAGG	115.762850	5.559623
GAAGT	114.748297	5.559623
GAATA	82.488915	3.040826
GAATC	91.476358	3.040826
GAATG	85.907661	3.040826
GAATT	89.640417	3.040826
GACAA	86.535661	3.181436
GACAC	81.433659	3.181436
GACAG	80.987648	3.181436
GACAT	79.554841	3.181436
GACCA	72.329156	2.107591
GACCC	71.951577	2.107591
GACCG	71.083389	2.107591
GACCT	72.520894	2.107591
GACGA	112.165990	3.856268
GACGC	97.161063	3.856268
GACGG	105.659758	3.856268
GACGT	103.316898	3.856268
GACTA	76.739343	2.300504
GACTC	77.484860	2.300504
GACTG	75.633527	2.300504
GACTT	75.457517	2.300504
GAGAA	122.095254	5.872282
GAGAC	106.732949	5.872282
GAGAG	124.524117	5.872282
GAGAT	121.126709	5.872282
GAGCA	84.299668	3.990469
GAGCC	95.856533	3.990469
GAGCG	90.142127	3.990469
GAGCT	94.813241	3.990469
GAGGA	116.685364	3.173751
GAGGC	122.923242	3.173751
GAGGG	120.289092	3.173751
GAGGT	120.172787	3.173751
GAGTA	93.097632	4.487612
GAGTC	106.042371	4.487612
GAGTG	99.325519	4.487612
GAGTT	102.991893	4.487612
GATAA	99.736573	6.278645
GATAC	91.261151	6.278645
GATAG	90.963031	6.278645
GATAT	92.782758	6.278645
GATCA	86.098935	2.631718
GATCC	83.949886	2.631718
GATCG	84.436792	2.631718
GATCT	84.052304	2.631718
GATGA	122.886079	8.555862
GATGC	98.638064	8.555862
GATGG	107.544746	8.555862
GATGT	106.931210	8.555862
GATTA	84.559987	2.458906
GATTC	85.063590	2.458906
GATTG	82.234327	2.458906
GATTT	83.947046	2.458906
GCAAA	101.014242	3.449749
GCAAC	91.909217	3.449749
GCAAG	96.735979	3.449749
GCAAT	95.297372	3.449749
GCACA	74.894231	1.875816
GCACC	75.294463	1.875816
GCACG	73.836896	1.875816
GCACT	75.822226	1.875816
GCAGA	127.315213	4.794395
GCAGC	110.922300	4.794395
GCAGG	120.922346	4.794395
GCAGT	118.741830	4.794395
GCATA	77.766007	2.102993
GCATC	80.581504	2.102993
GCATG	77.413261	2.102993
GCATT	80.271204	2.102993
GCCAA	84.372558	2.812500
GCCAC	76.380811	2.812500
GCCAG	79.366723	2.812500
GCCAT	78.268785	2.812500
GCCCA	67.209854	2.070961
GCCCC	63.753187	2.070961
GCCCG	65.639915	2.070961
GCCCT	65.580357	2.070961
GCCGA	109.945677	3.291378
GCCGC	95.605523	3.291378
GCCGG	104.042571	3.291378
GCCGT	102.070117	3.291378
GCCTA	71.191272	2.298440
GCCTC	70.391059	2.298440
GCCTG	69.693728	2.298440
GCCTT	70.811221	2.298440
GCGAA	109.951791	3.017274
GCGAC	109.185090	3.017274
GCGAG	109.620464	3.017274
GCGAT	105.732615	3.017274
GCGCA	77.116883	2.600796
GCGCC	87.086242	2.600796
GCGCG	80.592982	2.600796
GCGCT	86.827111	2.600796
GCGGA	112.237084	5.310878
GCGGC	107.829566	5.310878
GCGGG	108.228545	5.310878
GCGGT	107.590784	5.310878
GCGTA	83.143635	3.125398
GCGTC	94.040237	3.125398
GCGTG	87.121505	3.125398
GCGTT	92.522648	3.125398
GCTAA	101.466911	5.702234
GCTAC	88.224484	5.702234
GCTAG	95.150868	5.702234
GCTAT	94.102591	5.702234
GCTCA	80.877383	2.848865
GCTCC	75.009135	2.848865
GCTCG	78.058375	2.848865
GCTCT	78.424879	2.848865
GCTGA	122.920112	6.071202
GCTGC	100.204250	6.071202
GCTGG	115.677666	6.071202
GCTGT	110.082064	6.071202
GCTTA	78.538058	2.072592
GCTTC	78.028442	2.072592
GCTTG	76.911413	2.072592
GCTTT	79.067070	2.072592
GGAAA	108.287250	4.062744
GGAAC	106.169711	4.062744
GGAAG	105.256818	4.062744
GGAAT	103.920470	4.062744
GGACA	84.200224	5.093152
GGACC	91.801754	5.093152
GGACG	87.860142	5.093152
GGACT	89.105518	5.093152
GGAGA	123.332959	5.691493
GGAGC	111.035628	5.691493
GGAGG	114.428791	5.691493
GGAGT	114.260596	5.691493
GGATA	85.792962	3.781763
GGATC	96.478532	3.781763
GGATG	113.507644	3.781763
GGATT	92.383719	3.781763
GGCAA	83.667276	3.180457
GGCAC	79.718920	3.180457
GGCAG	77.571244	3.180457
GGCAT	80.133722	3.180457
GGCCA	76.543903	2.778549
GGCCC	78.031696	2.778549
GGCCG	75.728029	2.778549
GGCCT	76.572635	2.778549
GGCGA	106.831009	8.394211
GGCGC	92.975641	8.394211
GGCGG	98.786021	8.394211
GGCGT	98.673061	8.394211
GGCTA	79.885390	2.302527
GGCTC	82.389078	2.302527
GGCTG	79.123155	2.302527
GGCTT	81.445733	2.302527
GGGAA	113.123905	7.840309
GGGAC	89.169347	7.840309
GGGAG	115.248936	7.840309
GGGAT	89.436063	7.840309
GGGCA	83.393928	4.981474
GGGCC	92.989032	4.981474
GGGCG	87.603071	4.981474
GGGCT	90.954481	4.981474
GGGGA	113.610452	4.047423
GGGGC	112.661902	4.047423
GGGGG	110.710467	4.047423
GGGGT	111.573080	4.047423
GGGTA	92.935047	3.994511
GGGTC	101.643559	3.994511
GGGTG	94.433499	3.994511
GGGTT	98.912810	3.994511
GGTAA	89.309222	3.868907
GGTAC	85.730638	3.868907
GGTAG	82.943318	3.868907
GGTAT	86.356502	3.868907
GGTCA	87.124537	2.850220
GGTCC	88.236624	2.850220
GGTCG	85.531612	2.850220
GGTCT	86.500177	2.850220
GGTGA	111.727303	9.689941
GGTGC	94.809034	9.689941
GGTGG	99.471489	9.689941
GGTGT	99.408797	9.689941
GGTTA	86.040127	2.649410
GGTTC	88.300823	2.649410
GGTTG	84.702338	2.649410
GGTTT	86.605735	2.649410
GTAAA	110.666258	3.108588
GTAAC	102.741785	3.108588
GTAAG	107.509864	3.108588
GTAAT	104.662530	3.108588
GTACA	79.175014	2.134613
GTACC	82.776712	2.134613
GTACG	80.707449	2.134613
GTACT	83.806031	2.134613
GTAGA	133.603178	5.101816
GTAGC	114.129926	5.101816
GTAGG	126.022338	5.101816
GTAGT	123.134584	5.101816
GTATA	83.953361	2.632201
GTATC	90.280097	2.632201
GTATG	86.708170	2.632201
GTATT	89.800603	2.632201
GTCAA	92.985289	2.731261
GTCAC	85.744053	2.731261
GTCAG	88.632815	2.731261
GTCAT	87.789603	2.731261
GTCCA	70.748003	2.349865
GTCCC	71.635619	2.349865
GTCCG	69.957644	2.349865
GTCCT	71.639246	2.349865
GTCGA	117.440806	3.551179
GTCGC	101.736582	3.551179
GTCGG	111.283445	3.551179
GTCGT	108.066432	3.551179
GTCTA	77.109611	2.065374
GTCTC	79.002204	2.065374
GTCTG	77.441233	2.065374
GTCTT	79.585705	2.065374
GTGAA	117.293827	4.029736
GTGAC	119.527728	4.029736
GTGAG	120.912293	4.029736
GTGAT	115.893989	4.029736
GTGCA	78.194744	3.049711
GTGCC	90.049000	3.049711
GTGCG	83.373080	3.049711
GTGCT	89.971282	3.049711
GTGGA	117.246866	3.368228
GTGGC	117.991203	3.368228
GTGGG	115.897733	3.368228
GTGGT	115.659191	3.368228
GTGTA	87.079193	3.775722
GTGTC	99.727199	3.775722
GTGTG	90.872067	3.775722
GTGTT	97.143134	3.775722
GTTAA	100.780633	5.532156
GTTAC	90.610816	5.532156
GTTAG	96.095711	5.532156
GTTAT	94.789647	5.532156
GTTCA	80.104596	2.416143
GTTCC	77.655142	2.416143
GTTCG	79.568036	2.416143
GTTCT	80.890077	2.416143
GTTGA	121.107442	7.489815
GTTGC	97.807475	7.489815
GTTGG	109.940264	7.489815
GTTGT	107.050463	7.489815
GTTTA	79.100081	1.969599
GTTTC	80.359399	1.969599
GTTTG	78.970582	1.969599
GTTTT	81.033026	1.969599
TAAAA	112.768194	2.676522
TAAAC	110.065655	2.676522
TAAAG	111.123449	2.676522
TAAAT	108.512552	2.676522
TAACA	84.126436	3.018476
TAACC	89.462193	3.018476
TAACG	86.302178	3.018476
TAACT	89.199187	3.018476
TAAGA	129.862932	5.559623
TAAGC	115.648356	5.559623
TAAGG	123.503365	5.559623
TAAGT	120.761633	5.559623
TAATA	89.363951	3.040826
TAATC	96.700470	3.040826
TAATG	91.846761	3.040826
TAATT	94.218253	3.040826
TACAA	87.876310	3.181436
TACAC	81.245111	3.181436
TACAG	82.607304	3.181436
TACAT	83.152532	3.181436
TACCA	74.741150	2.107591
TACCC	73.356310	2.107591
TACCG	73.701553	2.107591
TACCT	74.367230	2.107591
TACGA	114.889148	3.856268
TACGC	99.569561	3.856268
TACGG	109.069062	3.856268
TACGT	106.106244	3.856268
TACTA	79.199937	2.300504
TACTC	79.739756	2.300504
TACTG	78.480856	2.300504
TACTT	80.433283	2.300504
TAGAA	124.174740	5.872282
TAGAC	112.383806	5.872282
TAGAG	130.181950	5.872282
TAGAT	126.659807	5.872282
TAGCA	87.507643	3.990469
TAGCC	100.626525	3.990469
TAGCG	95.899993	3.990469
TAGCT	99.037693	3.990469
TAGGA	120.367899	3.173751
TAGGC	128.823294	3.173751
TAGGG	124.022802	3.173751
TAGGT	125.168284	3.173751
TAGTA	97.784441	4.487612
TAGTC	111.640205	4.487612
TAGTG	105.215470	4.487612
TAGTT	108.318693	4.487612
TATAA	99.116744	6.278645
TATAC	89.582788	6.278645
TATAG	88.946304	6.278645
TATAT	93.546451	6.278645
TATCA	86.600747	2.631718
TATCC	82.627592	2.631718
TATCG	84.827557	2.631718
TATCT	83.974139	2.631718
TATGA	124.927423	8.555862
TATGC	101.566811	8.555862
TATGG	114.714143	8.555862
TATGT	110.146507	8.555862
TATTA	85.437560	2.458906
TATTC	84.653150	2.458906
TATTG	83.687266	2.458906
TATTT	84.611983	2.458906
TCAAA	106.914144	3.449749
TCAAC	96.109537	3.449749
TCAAG	100.790006	3.449749
TCAAT	99.065298	3.449749
TCACA	77.763958	1.875816
TCACC	77.893144	1.875816
TCACG	77.182899	1.875816
TCACT	79.431579	1.875816
TCAGA	129.807220	4.794395
TCAGC	113.970531	4.794395
TCAGG	123.834135	4.794395
TCAGT	121.902530	4.794395
TCATA	81.803551	2.102993
TCATC	83.468721	2.102993
TCATG	81.125916	2.102993
TCATT	84.199146	2.102993
TCCAA	84.272303	2.812500
TCCAC	75.565847	2.812500
TCCAG	79.904812	2.812500
TCCAT	79.015265	2.812500
TCCCA	68.103653	2.070961
TCCCC	64.584982	2.070961
TCCCG	66.352446	2.070961
TCCCT	66.257182	2.070961
TCCGA	111.210293	3.291378
TCCGC	96.759042	3.291378
TCCGG	105.481062	3.291378
TCCGT	102.970515	3.291378
TCCTA	73.537614	2.298440
TCCTC	71.318115	2.298440
TCCTG	70.254407	2.298440
TCCTT	72.025713	2.298440
TCGAA	110.976336	3.017274
TCGAC	112.049883	3.017274
TCGAG	112.005913	3.017274
TCGAT	109.433183	3.017274
TCGCA	79.972499	2.600796
TCGCC	89.389588	2.600796
TCGCG	83.205450	2.600796
TCGCT	88.706494	2.600796
TCGGA	120.311348	5.310878
TCGGC	110.544478	5.310878
TCGGG	113.279865	5.310878
TCGGT	108.631122	5.310878
TCGTA	86.666404	3.125398
TCGTC	96.865308	3.125398
TCGTG	90.013484	3.125398
TCGTT	94.954930	3.125398
TCTAA	101.610711	5.702234
TCTAC	88.359730	5.702234
TCTAG	95.383665	5.702234
TCTAT	94.806013	5.702234
TCTCA	83.723176	2.848865
TCTCC	75.306135	2.848865
TCTCG	80.104367	2.848865
TCTCT	79.441550	2.848865
TCTGA	125.263087	6.071202
TCTGC	102.027027	6.071202
TCTGG	117.089991	6.071202
TCTGT	111.929174	6.071202
TCTTA	81.643698	2.072592
TCTTC	78.042195	2.072592
TCTTG	77.377615	2.072592
TCTTT	79.594244	2.072592
TGAAA	108.731506	4.062744
TGAAC	105.116845	4.062744
TGAAG	103.994043	4.062744
TGAAT	104.095042	4.062744
TGACA	91.620597	5.093152
TGACC	96.017075	5.093152
TGACG	91.458345	5.093152
TGACT	93.137594	5.093152
TGAGA	128.245512	5.691493
TGAGC	112.737434	5.691493
TGAGG	117.274779	5.691493
TGAGT	116.262908	5.691493
TGATA	93.786839	3.781763
TGATC	99.587554	3.781763
TGATG	93.937556	3.781763
TGATT	95.991605	3.781763
TGCAA	80.070168	3.180457
TGCAC	80.278731	3.180457
TGCAG	75.245744	3.180457
TGCAT	79.237142	3.180457
TGCCA	77.731098	2.778549
TGCCC	78.010037	2.778549
TGCCG	76.982950	2.778549
TGCCT	77.035604	2.778549
TGCGA	107.964723	8.394211
TGCGC	90.718377	8.394211
TGCGG	95.655980	8.394211
TGCGT	96.635756	8.394211
TGCTA	80.616314	2.302527
TGCTC	81.943681	2.302527
TGCTG	79.776852	2.302527
TGCTT	81.561854	2.302527
TGGAA	115.608986	7.840309
TGGAC	115.661044	7.840309
TGGAG	112.282643	7.840309
TGGAT	96.831170	7.840309
TGGCA	89.182212	4.981474
TGGCC	98.101357	4.981474
TGGCG	92.738763	4.981474
TGGCT	95.286181	4.981474
TGGGA	117.277569	4.047423
TGGGC	113.905389	4.047423
TGGGG	113.895885	4.047423
TGGGT	112.203445	4.047423
TGGTA	96.353408	3.994511
TGGTC	105.223430	3.994511
TGGTG	98.902261	3.994511
TGGTT	102.467791	3.994511
TGTAA	82.193226	3.868907
TGTAC	79.728396	3.868907
TGTAG	76.838450	3.868907
TGTAT	80.199740	3.868907
TGTCA	87.174256	2.850220
TGTCC	86.870090	2.850220
TGTCG	84.347111	2.850220
TGTCT	84.953592	2.850220
TGTGA	105.145547	9.689941
TGTGC	91.659335	9.689941
TGTGG	93.039700	9.689941
TGTGT	93.181833	9.689941
TGTTA	85.124486	2.649410
TGTTC	86.773103	2.649410
TGTTG	83.618460	2.649410
TGTTT	85.149531	2.649410
TTAAA	115.980739	3.108588
TTAAC	108.911579	3.108588
TTAAG	112.107008	3.108588
TTAAT	109.834489	3.108588
TTACA	84.224654	2.134613
TTACC	87.392322	2.134613
TTACG	85.122196	2.134613
TTACT	88.355500	2.134613
TTAGA	136.888917	5.101816
TTAGC	120.276539	5.101816
TTAGG	129.827199	5.101816
TTAGT	127.734628	5.101816
TTATA	90.486693	2.632201
TTATC	95.551739	2.632201
TTATG	91.860975	2.632201
TTATT	94.204914	2.632201
TTCAA	92.871956	2.731261
TTCAC	85.070789	2.731261
TTCAG	89.122930	2.731261
TTCAT	88.099745	2.731261
TTCCA	72.214658	2.349865
TTCCC	70.581909	2.349865
TTCCG	70.994549	2.349865
TTCCT	73.284641	2.349865
TTCGA	118.185419	3.551179
TTCGC	102.109079	3.551179
TTCGG	112.465273	3.551179
TTCGT	109.232881	3.551179
TTCTA	78.865989	2.065374
TTCTC	79.011443	2.065374
TTCTG	77.911303	2.065374
TTCTT	79.328157	2.065374
TTGAA	119.408277	4.029736
TTGAC	122.772197	4.029736
TTGAG	123.901001	4.029736
TTGAT	118.667582	4.029736
TTGCA	82.520253	3.049711
TTGCC	92.470035	3.049711
TTGCG	86.636417	3.049711
TTGCT	92.104410	3.049711
TTGGA	121.108797	3.368228
TTGGC	120.767331	3.368228
TTGGG	119.328531	3.368228
TTGGT	118.828514	3.368228
TTGTA	89.594494	3.775722
TTGTC	102.176860	3.775722
TTGTG	95.076695	3.775722
TTGTT	99.718382	3.775722
TTTAA	100.946682	5.532156
TTTAC	89.282133	5.532156
TTTAG	94.713886	5.532156
TTTAT	94.778489	5.532156
TTTCA	82.378469	2.416143
TTTCC	76.374573	2.416143
TTTCG	80.135777	2.416143
TTTCT	80.386068	2.416143
TTTGA	124.343096	7.489815
TTTGC	99.903576	7.489815
TTTGG	112.498453	7.489815
TTTGT	109.493410	7.489815
TTTTA	81.164568	1.969599
TTTTC	79.706453	1.969599
TTTTG	78.700758	1.969599
TTTTT	80.784332	1.969599